roster_id,player_id,name,position,future_value,avenue
1,10222,Jayden Reed,WR,70.21122257615467,2024 W8 trade
1,11562,Spencer Rattler,QB,82.89676085605727,2024 W1 transaction
1,12467,Jordan James,RB,125.41447274062968,2025 W1 transaction
1,12509,Tre Harris,WR,86.40083494224103,2025 rookie draft pick 17
1,12518,Tyler Warren,TE,270.43472125175083,2025 rookie draft pick 8
1,12520,Xavier Restrepo,WR,10.114667099933516,2025 W1 transaction
1,12524,Shedeur Sanders,QB,108.32830556765848,2025 rookie draft pick 22
1,12527,Ashton Jeanty,RB,462.8750988330211,2025 rookie draft pick 3
1,12531,Trevor Etienne,RB,148.3606683685213,2025 W1 transaction
1,12543,Tahj Brooks,RB,90.40383918483148,2025 W1 transaction
1,1479,Keenan Allen,WR,0,initial draft pick 95
1,3214,Hunter Henry,TE,15.283245201313738,2024 W7 transaction
1,4098,Kareem Hunt,RB,59.21495852020588,2024 W2 transaction
1,4988,Nick Chubb,RB,67.1542116248767,2024 W15 transaction
1,5012,Mark Andrews,TE,51.78282270580143,initial draft pick 47
1,5849,Kyler Murray,QB,281.19025036109366,initial draft pick 23
1,5892,David Montgomery,RB,170.38750117116672,initial draft pick 98
1,6783,Jerry Jeudy,WR,87.37571016394956,2024 W2 trade
1,6797,Justin Herbert,QB,331.1646521161603,2024 W1 trade
1,7525,DeVonta Smith,WR,185.68249511105944,2024 W2 trade
1,7564,Ja'Marr Chase,WR,452.6188606078879,2024 W9 trade
1,96,Aaron Rodgers,QB,0,initial draft pick 119
1,9997,Zay Flowers,WR,216.9025392238507,2024 W8 trade
2,12508,Jaxson Dart,QB,273.69751220902884,2025 rookie draft pick 16
2,12511,Will Howard,QB,90.52203774351116,2025 rookie draft pick 36
2,2216,Mike Evans,WR,73.70642791082888,initial draft pick 83
2,3357,Brandon Allen,QB,0,2024 W12 transaction
2,4046,Patrick Mahomes,QB,325.28651744906693,2024 W8 trade
2,4663,Austin Ekeler,RB,58.06203674479167,initial draft pick 107
2,4666,Younghoe Koo,K,0,initial draft
2,5010,Will Dissly,TE,20.29823749090821,2024 W11 transaction
2,5872,Deebo Samuel Sr.,WR,27.493933291905613,initial draft pick 62
2,6149,Darius Slayton,WR,13.005305542017954,2024 W9 transaction
2,6786,CeeDee Lamb,WR,327.9686120364788,initial draft pick 14
2,6806,J.K. Dobbins,RB,111.53209799118784,2024 W8 trade
2,6828,A.J. Dillon,RB,78.42755570992827,initial draft pick 158
2,6945,Antonio Gibson,RB,76.60837989639643,2024 W5 trade
2,7042,Tyler Bass,K,0,2024 W16 transaction
2,7567,Kenneth Gainwell,RB,78.5564068215644,2024 W13 transaction
2,8112,Drake London,WR,278.64622277841215,initial draft pick 59
2,8131,Isaiah Likely,TE,69.390887084119,initial draft pick 134
2,8183,Brock Purdy,QB,315.9813006934807,initial draft pick 11
2,9226,De'Von Achane,RB,371.1235953703735,initial draft pick 35
2,BUF,Buffalo Bills,DST,0,2024 W1 transaction
2,DET,Detroit Lions,DST,0,2024 W14 transaction
3,10219,Chris Rodriguez Jr.,RB,72.60908199517418,2024 W14 transaction
3,11575,Ray Davis,RB,111.24165572653668,2024 rookie draft pick 29
3,11604,Brock Bowers,TE,384.3171915116816,2024 rookie draft pick 5
3,11625,Adonai Mitchell,WR,25.44786461626505,2024 rookie draft pick 17
3,11655,Tyrone Tracy Jr.,RB,130.13739856603874,2024 W1 transaction
3,12476,Devin Neal,RB,138.33400710209625,2025 rookie draft pick 31
3,12478,Nick Nash,WR,10.965916625402722,2025 W1 transaction
3,12483,Jack Bech,WR,42.95703575897912,2025 rookie draft pick 19
3,12501,Matthew Golden,WR,209.8701815356812,2025 rookie draft pick 7
3,3294,Dak Prescott,QB,178.9615837914427,initial draft pick 20
3,4018,Joe Mixon,RB,159.22575488180215,initial draft pick 92
3,4195,Jake Elliott,K,0,initial draft
3,4943,Sam Darnold,QB,157.06369937151828,2024 W1 transaction
3,4983,D.J. Moore,WR,138.70289681510445,initial draft pick 53
3,5185,Allen Lazard,WR,4.5654776834043025,initial draft pick 221
3,5995,Justice Hill,RB,86.7956823560127,2024 W1 transaction
3,6768,Tua Tagovailoa,QB,250.7486334307551,initial draft pick 29
3,6794,Justin Jefferson,WR,438.3957509085239,initial draft pick 5
3,6826,Cole Kmet,TE,37.98476867489838,initial draft pick 101
3,7588,Javonte Williams,RB,114.62655830964138,initial draft pick 68
3,8151,Kenneth Walker III,RB,299.49335028630463,initial draft pick 44
3,9999,Will Levis,QB,74.32257276932128,initial draft pick 116
3,SF,San Francisco 49ers,DST,0,2024 W1 transaction
4,11581,MarShawn Lloyd,RB,110.3639936870418,2024 W5 transaction
4,11589,Trey Benson,RB,152.38755434195554,2024 rookie draft pick 11
4,11638,Ricky Pearsall,WR,216.9616569892312,2024 rookie draft pick 23
4,12471,DJ Giddens,RB,138.6026927275527,2025 W1 transaction
4,12495,Ollie Gordon,RB,115.7297193165281,2025 W1 transaction
4,12504,Kaleb Johnson,RB,370.412571624916,2025 rookie draft pick 15
4,12526,Tetairoa McMillan,WR,259.4083163284295,2025 rookie draft pick 5
4,12711,Tyler Loop,K,0,2025 W1 transaction
4,4039,Cooper Kupp,WR,10.283370909898036,2024 W10 trade
4,421,Matthew Stafford,QB,88.9568023909742,initial draft pick 113
4,5001,Dalton Schultz,TE,27.31471719255138,initial draft pick 128
4,5870,Daniel Jones,QB,114.16524155687202,2024 W12 transaction
4,5927,Terry McLaurin,WR,112.29957459324582,2024 W10 trade
4,6770,Joe Burrow,QB,489.7219631139663,initial draft pick 8
4,6813,Jonathan Taylor,RB,298.6124035127867,2024 W10 trade
4,7547,Amon-Ra St. Brown,WR,272.360555740975,initial draft pick 17
4,8130,Trey McBride,TE,278.6753146413068,initial draft pick 41
4,8138,James Cook,RB,268.5460554615285,initial draft pick 60
4,8144,Chris Olave,WR,210.62601743720683,initial draft pick 32
4,9228,Bryce Young,QB,316.8073118158405,initial draft pick 89
4,9508,Tyjae Spears,RB,132.38610962798015,initial draft pick 80
4,9754,Quentin Johnston,WR,15.60365738357198,2024 W10 trade
4,HOU,Houston Texans,DST,0,2025 W1 transaction
5,11565,J.J. McCarthy,QB,333.5969207120719,2024 rookie draft pick 7
5,11584,Bucky Irving,RB,348.5308292062737,2024 rookie draft pick 31
5,11628,Marvin Harrison Jr.,WR,291.73919665432544,2024 W9 trade
5,11635,Ladd McConkey,WR,284.9104021247681,2024 W11 trade
5,12484,Jayden Higgins,WR,121.01621032843492,2025 rookie draft pick 14
5,12497,Tory Horton,WR,12.001291228793407,2025 W1 transaction
5,12510,Jalen Milroe,QB,160.24610367261576,2025 rookie draft pick 20
5,12514,Emeka Egbuka,WR,256.4868932858046,2025 rookie draft pick 6
5,12521,Elijah Arroyo,TE,70.80237629651383,2025 rookie draft pick 32
5,1373,Geno Smith,QB,94.64669069222045,initial draft pick 82
5,2449,Stefon Diggs,WR,13.419939185454348,initial draft pick 58
5,4033,David Njoku,TE,60.60077550376127,initial draft pick 63
5,4144,Jonnu Smith,TE,34.21076502908766,2024 W3 transaction
5,5045,Courtland Sutton,WR,97.42609375173475,initial draft pick 135
5,5096,Ray-Ray McCloud,WR,7.28669382057211,2024 W14 transaction
5,5119,Jason Sanders,K,0,2024 W10 transaction
5,7523,Trevor Lawrence,QB,303.20518858754554,initial draft pick 15
5,7543,Travis Etienne,RB,138.6267109875715,initial draft pick 34
5,7670,Joshua Palmer,WR,13.828402076500945,2025 W1 transaction
5,7828,Noah Gray,TE,30.50918241771442,2024 W12 transaction
5,8150,Kyren Williams,RB,286.8318243932606,initial draft pick 39
5,9500,Josh Downs,WR,138.74953079222863,initial draft pick 106
5,BAL,Baltimore Ravens,DST,0,2025 W1 transaction
6,10226,Andrei Iosivas,WR,14.205165597343928,initial draft pick 216
6,11559,Michael Penix Jr.,QB,294.5941758843689,2024 W3 transaction
6,11586,Blake Corum,RB,102.56550708765002,2025 W1 transaction
6,11620,Rome Odunze,WR,235.63990201390632,2024 W5 trade
6,11624,Xavier Worthy,WR,258.332360245334,2024 rookie draft pick 9
6,11643,Jaylen Wright,RB,139.66910551269223,2024 W3 transaction
6,12486,Dillon Gabriel,QB,87.43967643819981,2025 W1 transaction
6,12505,Jalen Royals,WR,18.57424602623011,2025 rookie draft pick 28
6,12517,Colston Loveland,TE,233.48743385462663,2025 rookie draft pick 11
6,12533,Jacory Croskey-Merritt,RB,81.49253021119853,2025 W1 transaction
6,12535,Isaac TeSlaa,WR,13.75267949569334,2025 W1 transaction
6,4984,Josh Allen,QB,591.3960440368035,initial draft pick 1
6,5022,Dallas Goedert,TE,27.17947564252981,initial draft pick 120
6,5859,A.J. Brown,WR,185.11271044011156,initial draft pick 25
6,5967,Tony Pollard,RB,127.72750154416158,initial draft pick 96
6,6790,D'Andre Swift,RB,150.35459662079973,initial draft pick 72
6,6801,Tee Higgins,WR,201.31722783832888,2024 W2 trade
6,7090,Darnell Mooney,WR,44.91424006240268,2024 W10 trade
6,8259,Cameron Dicker,K,0,2024 W10 transaction
6,8676,Rashid Shaheed,WR,30.268702166613245,2024 W15 transaction
6,9221,Jahmyr Gibbs,RB,463.61643660386886,initial draft pick 24
6,9480,Brenton Strange,TE,59.353288036613876,2025 W1 transaction
6,9502,Tank Dell,WR,17.651213705452435,initial draft pick 49
6,MIN,Minnesota Vikings,DST,0,2025 W1 transaction
7,11564,Drake Maye,QB,388.23333590296505,2024 W8 trade
7,11579,Audric Estime,RB,92.52254140462698,2025 W1 transaction
7,11596,Ben Sinnott,TE,44.73034973376145,2024 W16 transaction
7,11618,Jalen McMillan,WR,34.890012104984734,2024 W11 transaction
7,11637,Keon Coleman,WR,86.83238131559682,2024 rookie draft pick 13
7,11646,Jalen Coker,WR,19.21353144696277,2024 W9 transaction
7,11651,Isaac Guerendo,RB,105.05034832430276,2024 W8 transaction
7,12457,Jaydon Blue,RB,158.25816111971966,2025 rookie draft pick 29
7,12492,Pat Bryant,WR,24.04105252719799,2025 rookie draft pick 30
7,12498,Mason Taylor,TE,115.07903665410956,2025 rookie draft pick 25
7,1466,Travis Kelce,TE,23.363567854016573,2024 W11 trade
7,3163,Jared Goff,QB,187.55244272912407,2024 W11 trade
7,3678,Wil Lutz,K,0,2024 W12 transaction
7,4034,Christian McCaffrey,RB,220.60773624458503,2024 W11 trade
7,4137,James Conner,RB,108.98220659754143,2024 W11 trade
7,5848,Hollywood Brown,WR,24.580330244169595,initial draft pick 109
7,7021,Rico Dowdle,RB,90.44653323231482,initial draft pick 205
7,7569,Nico Collins,WR,231.70735697636695,initial draft pick 36
7,8146,Garrett Wilson,WR,231.9553351697557,2024 W9 trade
7,9493,Puka Nacua,WR,295.6217418576568,2024 W1 trade
7,9509,Bijan Robinson,RB,522.4163557070343,initial draft pick 13
7,9757,Kendre Miller,RB,80.71443248005978,2024 W15 transaction
7,CIN,Cincinnati Bengals,DST,0,2025 W1 transaction
8,10232,Michael Wilson,WR,15.13358925649678,2024 W10 trade
8,10444,Cedric Tillman,WR,21.8953244843346,2024 W8 transaction
8,11539,Jake Bates,K,0,2024 W11 transaction
8,11563,Bo Nix,QB,359.65981904918914,2024 W9 trade
8,11626,Xavier Legette,WR,32.501671309417674,2024 W11 trade
8,12474,Woody Marks,RB,86.98740416963734,2025 W1 transaction
8,12482,Savion Williams,WR,12.309374485324764,2025 W1 transaction
8,12489,RJ Harvey,RB,308.68098792271275,2025 rookie draft pick 12
8,12507,Omarion Hampton,RB,378.2167290588631,2025 rookie draft pick 4
8,12519,Luther Burden,WR,168.49179057820703,2025 rookie draft pick 18
8,12547,Kyle Williams,WR,50.042436930221015,2025 rookie draft pick 23
8,2505,Darren Waller,TE,2.2775530742290098,2025 W1 transaction
8,4066,Evan Engram,TE,33.539519407791005,initial draft pick 91
8,5844,T.J. Hockenson,TE,172.05039382123704,initial draft pick 43
8,6904,Jalen Hurts,QB,439.9512342631265,initial draft pick 6
8,7594,Chuba Hubbard,RB,274.9616758847198,initial draft pick 126
8,8132,Tyler Allgeier,RB,102.95639544769996,initial draft pick 163
8,8136,Rachaad White,RB,110.23066556139683,initial draft pick 54
8,9229,Anthony Richardson,QB,137.25174155165297,initial draft pick 19
8,9494,Marvin Mims Jr.,WR,29.11715407699785,2025 W1 transaction
8,9753,Zach Charbonnet,RB,158.61659219956582,initial draft pick 102
8,9756,Jordan Addison,WR,245.66990604431305,initial draft pick 67
8,DEN,Denver Broncos,DST,0,2024 W8 trade
9,10236,Dalton Kincaid,TE,67.95938561816223,2024 W11 trade
9,11557,Joe Milton,QB,89.61330438644447,2025 W1 transaction
9,11560,Caleb Williams,QB,375.80934643078433,2024 W11 trade
9,11569,Jarquez Hunter,RB,116.1380281569332,2025 W1 transaction
9,11576,Braelon Allen,RB,158.64639325534904,2024 W11 trade
9,11632,Malik Nabers,WR,416.9749576353293,2024 rookie draft pick 3
9,12469,Dylan Sampson,RB,207.0981034937987,2025 rookie draft pick 35
9,12481,Cam Skattebo,RB,166.47643954465195,2025 rookie draft pick 13
9,12500,Quinn Ewers,QB,77.3254572528923,2025 W1 transaction
9,12522,Cameron Ward,QB,315.59245252419487,2025 rookie draft pick 1
9,12534,Kyle Monangai,RB,80.15802774197827,2025 W1 transaction
9,1339,Zach Ertz,TE,2.0404893648297016,2024 W3 transaction
9,4037,Chris Godwin,WR,98.8797971115642,initial draft pick 99
9,5095,Daniel Carlson,K,0,2025 W1 transaction
9,6803,Brandon Aiyuk,WR,80.5984551110314,2024 W11 trade
9,7528,Najee Harris,RB,117.5846359855866,2024 W11 trade
9,8110,Jake Ferguson,TE,60.66135945329203,2024 W13 transaction
9,8134,Khalil Shakir,WR,66.8749187895485,2024 W10 trade
9,8228,Jaylen Warren,RB,127.92340892774553,2024 W10 trade
9,8408,Jordan Mason,RB,124.94253616833376,2025 W1 transaction
9,9225,Tank Bigsby,RB,127.9030956152667,2024 W11 trade
9,9488,Jaxon Smith-Njigba,WR,280.7798061683211,2024 W10 trade
9,WAS,Washington Commanders,DST,0,2025 W1 transaction
10,11533,Brandon Aubrey,K,0,initial draft
10,11566,Jayden Daniels,QB,582.1202219283566,2024 rookie draft pick 4
10,12499,Elic Ayomanor,WR,17.622758895709282,2025 rookie draft pick 34
10,12512,Quinshon Judkins,RB,304.9485331781839,2025 rookie draft pick 10
10,1426,DeAndre Hopkins,WR,0,initial draft pick 117
10,2133,Davante Adams,WR,62.2494705734753,initial draft pick 69
10,3321,Tyreek Hill,WR,78.97175915516031,initial draft pick 21
10,4035,Alvin Kamara,RB,180.51561377452356,2024 W11 trade
10,4217,George Kittle,TE,129.14639337986202,initial draft pick 52
10,4993,Mike Gesicki,TE,23.28994524239313,2025 W1 transaction
10,5947,Jakobi Meyers,WR,46.51087163670616,initial draft pick 148
10,7571,Rashod Bateman,WR,23.60868896622157,initial draft pick 172
10,7591,Justin Fields,QB,275.05488755833335,initial draft pick 28
10,8154,Brian Robinson Jr.,RB,137.202581279659,initial draft pick 100
10,8167,Christian Watson,WR,13.685825180946097,initial draft pick 93
10,8205,Isiah Pacheco,RB,140.48340632532825,initial draft pick 45
10,9224,Chase Brown,RB,280.14110107576977,initial draft pick 124
10,9758,C.J. Stroud,QB,378.7615676875177,initial draft pick 4
10,KC,Kansas City Chiefs,DST,0,2024 W1 transaction
10,PHI,Philadelphia Eagles,DST,0,2024 W6 transaction
11,10213,Tre Tucker,WR,11.510477695931073,2024 W4 transaction
11,11631,Brian Thomas Jr.,WR,334.43888248266086,2024 rookie draft pick 12
11,12487,Terrance Ferguson,TE,69.84553274420983,2025 rookie draft pick 27
11,12490,Bhayshul Tuten,RB,148.68356835260224,2025 rookie draft pick 26
11,12530,Travis Hunter,WR,261.5258102777717,2025 rookie draft pick 2
11,19,Joe Flacco,QB,0,2025 W1 transaction
11,4881,Lamar Jackson,QB,595.358261654542,initial draft pick 9
11,5846,DK Metcalf,WR,156.0742076123525,initial draft pick 64
11,6650,Chase McLaughlin,K,0,2024 W12 transaction
11,6819,Michael Pittman Jr.,WR,53.938482520555624,initial draft pick 40
11,7049,Jauan Jennings,WR,45.05241899631259,2024 W11 trade
11,7526,Jaylen Waddle,WR,173.10675366008752,initial draft pick 33
11,7553,Kyle Pitts,TE,73.74931455210785,initial draft pick 57
11,7611,Rhamondre Stevenson,RB,114.02260237533903,initial draft pick 105
11,8111,Cade Otton,TE,52.603292251414665,2024 W1 transaction
11,8148,Jameson Williams,WR,229.06584003798983,initial draft pick 112
11,8155,Breece Hall,RB,301.13256725296975,initial draft pick 16
11,9484,Tucker Kraft,TE,87.76793764828903,initial draft pick 177
11,GB,Green Bay Packers,DST,0,2024 W11 transaction
11,TB,Tampa Bay Buccaneers,DST,0,2024 W1 transaction
12,10229,Rashee Rice,WR,211.10549578142013,initial draft pick 42
12,10859,Sam LaPorta,TE,263.8129556528311,initial draft pick 7
12,11583,Jonathon Brooks,RB,127.21086678797356,2024 rookie draft pick 10
12,11630,Roman Wilson,WR,12.778074035123494,2024 rookie draft pick 22
12,1234,Russell Wilson,QB,6.135797002941086,initial draft pick 138
12,12506,Harold Fannin,TE,86.79125020671492,2025 rookie draft pick 33
12,12529,TreVeyon Henderson,RB,349.4082008050634,2025 rookie draft pick 9
12,12536,Jaylin Noel,WR,36.58661692026639,2025 rookie draft pick 24
12,12545,Tyler Shough,QB,119.8306190552371,2025 rookie draft pick 21
12,1689,Adam Thielen,WR,0,2025 W1 transaction
12,1945,Chris Boswell,K,0,2025 W1 transaction
12,2309,Amari Cooper,WR,2.9065667843241183,2025 W1 transaction
12,3198,Derrick Henry,RB,177.81343314001992,initial draft pick 90
12,4199,Aaron Jones,RB,88.07620021942637,initial draft pick 114
12,4227,Harrison Butker,K,0,2025 W1 transaction
12,4866,Saquon Barkley,RB,304.67607822182873,initial draft pick 31
12,4892,Baker Mayfield,QB,216.57486805704912,initial draft pick 79
12,4981,Calvin Ridley,WR,27.171390220252633,initial draft pick 103
12,5850,Josh Jacobs,RB,258.99913419450775,initial draft pick 55
12,6804,Jordan Love,QB,317.8859118617788,initial draft pick 18
12,7600,Pat Freiermuth,TE,43.47055280519188,initial draft pick 127
12,8126,Wan'Dale Robinson,WR,21.079549746333715,initial draft pick 162
12,8137,George Pickens,WR,228.58788041457808,initial draft pick 66
12,PIT,Pittsburgh Steelers,DST,0,2024 W2 transaction
1,NA,2026 1R Draft Pick,joeburrowmvp,234.2947784231062,own pick
3,NA,2026 1R Draft Pick,lukestip,242.10426827222383,own pick
4,NA,2026 1R Draft Pick,caskinner,203.3760111623576,own pick
5,NA,2026 1R Draft Pick,ngernenz,257.97664889098354,own pick
6,NA,2026 1R Draft Pick,jzeigboi,249.51796834339137,own pick
7,NA,2026 1R Draft Pick,SFOControl,279.0245697137603,2024 W8 trade
8,NA,2026 1R Draft Pick,ineedsomeLuBe,259.93405949518086,own pick
8,NA,2026 1R Draft Pick,DepressedBroncosFan,244.59122724828495,2024 W9 trade
9,NA,2026 1R Draft Pick,Arvs,275.9192926876725,own pick
10,NA,2026 1R Draft Pick,Gretsch0401,239.64336215810138,own pick
11,NA,2026 1R Draft Pick,akondratieff,274.30423090282085,own pick
12,NA,2026 1R Draft Pick,TheJandyStock,246.120953057331,own pick
1,NA,2026 2R Draft Pick,joeburrowmvp,120.79325452812638,own pick
1,NA,2026 2R Draft Pick,DepressedBroncosFan,125.44673307807345,2024 W8 trade
2,NA,2026 2R Draft Pick,SFOControl,140.3265017475322,own pick
3,NA,2026 2R Draft Pick,lukestip,124.48396696432843,own pick
4,NA,2026 2R Draft Pick,caskinner,105.73608358504258,own pick
5,NA,2026 2R Draft Pick,ngernenz,131.4422178189532,own pick
6,NA,2026 2R Draft Pick,jzeigboi,127.84258497457657,own pick
7,NA,2026 2R Draft Pick,ineedsomeLuBe,132.35586827257168,2024 W8 trade
7,NA,2026 2R Draft Pick,Arvs,139.10719414250218,2024 W11 trade
10,NA,2026 2R Draft Pick,Gretsch0401,123.17046164227833,own pick
11,NA,2026 2R Draft Pick,akondratieff,138.40640101310473,own pick
12,NA,2026 2R Draft Pick,TheJandyStock,125.86908734682928,own pick
1,NA,2026 3R Draft Pick,joeburrowmvp,56.902793681527605,own pick
2,NA,2026 3R Draft Pick,SFOControl,69.68470163253488,own pick
3,NA,2026 3R Draft Pick,lukestip,59.27495245244741,own pick
4,NA,2026 3R Draft Pick,caskinner,47.03323500514126,own pick
5,NA,2026 3R Draft Pick,ngernenz,63.80103431085469,own pick
6,NA,2026 3R Draft Pick,jzeigboi,61.47716722065213,own pick
7,NA,2026 3R Draft Pick,DepressedBroncosFan,59.881324724782274,own pick
8,NA,2026 3R Draft Pick,ineedsomeLuBe,64.39173762044732,own pick
9,NA,2026 3R Draft Pick,Arvs,68.84173033797703,own pick
10,NA,2026 3R Draft Pick,Gretsch0401,58.41294646978329,own pick
11,NA,2026 3R Draft Pick,akondratieff,68.40226509126643,own pick
12,NA,2026 3R Draft Pick,TheJandyStock,60.20177286728656,own pick
1,NA,2027 1R Draft Pick,joeburrowmvp,216.22041275998188,own pick
3,NA,2027 1R Draft Pick,lukestip,230.77853418674016,own pick
4,NA,2027 1R Draft Pick,Arvs,244.60640531405812,2024 W10 trade
5,NA,2027 1R Draft Pick,ngernenz,243.44322447076613,own pick
6,NA,2027 1R Draft Pick,jzeigboi,231.84246445504695,own pick
7,NA,2027 1R Draft Pick,SFOControl,269.9390144345412,2024 W8 trade
7,NA,2027 1R Draft Pick,caskinner,206.69329576637028,2024 W5 trade
8,NA,2027 1R Draft Pick,TheJandyStock,243.0776200577998,2024 W9 trade
9,NA,2027 1R Draft Pick,DepressedBroncosFan,230.44104282740835,2024 W10 trade
10,NA,2027 1R Draft Pick,Gretsch0401,246.86798028190128,own pick
11,NA,2027 1R Draft Pick,akondratieff,250.30383157799224,own pick
12,NA,2027 1R Draft Pick,ineedsomeLuBe,238.09073924876,2024 W9 trade
1,NA,2027 2R Draft Pick,joeburrowmvp,111.67194551238902,own pick
2,NA,2027 2R Draft Pick,SFOControl,135.18801687081395,own pick
3,NA,2027 2R Draft Pick,lukestip,118.40113361262317,own pick
4,NA,2027 2R Draft Pick,caskinner,107.10078886967827,own pick
5,NA,2027 2R Draft Pick,ngernenz,124.11983811977105,own pick
6,NA,2027 2R Draft Pick,jzeigboi,118.96757759131876,own pick
7,NA,2027 2R Draft Pick,ineedsomeLuBe,121.61802753959297,2024 W9 trade
7,NA,2027 2R Draft Pick,Arvs,124.60768312736145,2024 W11 trade
9,NA,2027 2R Draft Pick,DepressedBroncosFan,118.32191517547517,2024 W11 trade
10,NA,2027 2R Draft Pick,Gretsch0401,125.49073692599387,own pick
11,NA,2027 2R Draft Pick,akondratieff,127.00604513427301,own pick
12,NA,2027 2R Draft Pick,TheJandyStock,123.78659909813685,own pick
1,NA,2027 3R Draft Pick,joeburrowmvp,52.04547622340879,own pick
2,NA,2027 3R Draft Pick,SFOControl,67.50406525980317,own pick
3,NA,2027 3R Draft Pick,lukestip,56.45505456959787,own pick
4,NA,2027 3R Draft Pick,caskinner,49.0326745201713,own pick
4,NA,2027 3R Draft Pick,ineedsomeLuBe,58.53030457404756,2025 W1 trade
5,NA,2027 3R Draft Pick,ngernenz,60.17198442287775,own pick
6,NA,2027 3R Draft Pick,jzeigboi,56.772551415423585,own pick
7,NA,2027 3R Draft Pick,DepressedBroncosFan,56.35866062055151,own pick
7,NA,2027 3R Draft Pick,Arvs,60.43844580939981,2024 W11 trade
10,NA,2027 3R Draft Pick,Gretsch0401,61.053341998549996,own pick
11,NA,2027 3R Draft Pick,akondratieff,62.05201808747547,own pick
12,NA,2027 3R Draft Pick,TheJandyStock,59.953671652396054,own pick
1,NA,2028 1R Draft Pick,joeburrowmvp,209.68416310851254,own pick
2,NA,2028 1R Draft Pick,SFOControl,264.31715891790026,own pick
3,NA,2028 1R Draft Pick,lukestip,218.95679439419266,own pick
4,NA,2028 1R Draft Pick,caskinner,198.18193675978296,own pick
5,NA,2028 1R Draft Pick,ngernenz,225.65598351195445,own pick
6,NA,2028 1R Draft Pick,jzeigboi,214.52068923695217,own pick
7,NA,2028 1R Draft Pick,DepressedBroncosFan,208.11600539427127,own pick
8,NA,2028 1R Draft Pick,ineedsomeLuBe,220.3001543665426,own pick
9,NA,2028 1R Draft Pick,Arvs,221.33052080809796,own pick
10,NA,2028 1R Draft Pick,Gretsch0401,244.06330154894553,own pick
11,NA,2028 1R Draft Pick,akondratieff,237.34010737103955,own pick
12,NA,2028 1R Draft Pick,TheJandyStock,237.49879718603296,own pick
1,NA,2028 2R Draft Pick,joeburrowmvp,108.21755051115053,own pick
2,NA,2028 2R Draft Pick,SFOControl,131.1313358321474,own pick
3,NA,2028 2R Draft Pick,lukestip,112.55365600905236,own pick
4,NA,2028 2R Draft Pick,caskinner,102.65381909808292,own pick
5,NA,2028 2R Draft Pick,ngernenz,115.49648448993827,own pick
6,NA,2028 2R Draft Pick,jzeigboi,110.66211102163814,own pick
7,NA,2028 2R Draft Pick,DepressedBroncosFan,107.44685018491089,own pick
8,NA,2028 2R Draft Pick,ineedsomeLuBe,112.95406450449165,own pick
9,NA,2028 2R Draft Pick,Arvs,113.60984427386613,own pick
10,NA,2028 2R Draft Pick,Gretsch0401,123.19406494939577,own pick
11,NA,2028 2R Draft Pick,akondratieff,120.59979162358735,own pick
12,NA,2028 2R Draft Pick,TheJandyStock,120.38898619597725,own pick
1,NA,2028 3R Draft Pick,joeburrowmvp,50.83251908443427,own pick
2,NA,2028 3R Draft Pick,SFOControl,66.16450812453073,own pick
3,NA,2028 3R Draft Pick,lukestip,53.66607806052026,own pick
4,NA,2028 3R Draft Pick,caskinner,47.181451233767014,own pick
5,NA,2028 3R Draft Pick,ngernenz,55.5745133903545,own pick
6,NA,2028 3R Draft Pick,jzeigboi,52.372749046922564,own pick
7,NA,2028 3R Draft Pick,DepressedBroncosFan,50.32276534455326,own pick
8,NA,2028 3R Draft Pick,ineedsomeLuBe,53.94703099032633,own pick
9,NA,2028 3R Draft Pick,Arvs,54.350989627627094,own pick
10,NA,2028 3R Draft Pick,Gretsch0401,60.75411057132307,own pick
11,NA,2028 3R Draft Pick,akondratieff,58.96536088951701,own pick
12,NA,2028 3R Draft Pick,TheJandyStock,58.82999951882241,own pick
1,NA,2029 1R Draft Pick,joeburrowmvp,0,own pick
2,NA,2029 1R Draft Pick,SFOControl,0,own pick
3,NA,2029 1R Draft Pick,lukestip,0,own pick
4,NA,2029 1R Draft Pick,caskinner,0,own pick
5,NA,2029 1R Draft Pick,ngernenz,0,own pick
6,NA,2029 1R Draft Pick,jzeigboi,0,own pick
7,NA,2029 1R Draft Pick,DepressedBroncosFan,0,own pick
8,NA,2029 1R Draft Pick,ineedsomeLuBe,0,own pick
9,NA,2029 1R Draft Pick,Arvs,0,own pick
10,NA,2029 1R Draft Pick,Gretsch0401,0,own pick
11,NA,2029 1R Draft Pick,akondratieff,0,own pick
12,NA,2029 1R Draft Pick,TheJandyStock,0,own pick
1,NA,2029 2R Draft Pick,joeburrowmvp,0,own pick
2,NA,2029 2R Draft Pick,SFOControl,0,own pick
3,NA,2029 2R Draft Pick,lukestip,0,own pick
4,NA,2029 2R Draft Pick,caskinner,0,own pick
5,NA,2029 2R Draft Pick,ngernenz,0,own pick
6,NA,2029 2R Draft Pick,jzeigboi,0,own pick
7,NA,2029 2R Draft Pick,DepressedBroncosFan,0,own pick
8,NA,2029 2R Draft Pick,ineedsomeLuBe,0,own pick
9,NA,2029 2R Draft Pick,Arvs,0,own pick
10,NA,2029 2R Draft Pick,Gretsch0401,0,own pick
11,NA,2029 2R Draft Pick,akondratieff,0,own pick
12,NA,2029 2R Draft Pick,TheJandyStock,0,own pick
1,NA,2029 3R Draft Pick,joeburrowmvp,0,own pick
2,NA,2029 3R Draft Pick,SFOControl,0,own pick
3,NA,2029 3R Draft Pick,lukestip,0,own pick
4,NA,2029 3R Draft Pick,caskinner,0,own pick
5,NA,2029 3R Draft Pick,ngernenz,0,own pick
6,NA,2029 3R Draft Pick,jzeigboi,0,own pick
7,NA,2029 3R Draft Pick,DepressedBroncosFan,0,own pick
8,NA,2029 3R Draft Pick,ineedsomeLuBe,0,own pick
9,NA,2029 3R Draft Pick,Arvs,0,own pick
10,NA,2029 3R Draft Pick,Gretsch0401,0,own pick
11,NA,2029 3R Draft Pick,akondratieff,0,own pick
12,NA,2029 3R Draft Pick,TheJandyStock,0,own pick
